Модель / версия;Дата испытания;Ток, А;Энергия до 2.8 В, Wh (оцифровка);Энергия до 3.0 В, Wh (оцифровка);Ah до 3.0 В;Tmax, C;Начальная T, C;Прирост T, C;Тепловая остановка;Источник
Ampace JP50P1 · no CCC logo;2026-01-06;5;16.016;14.912;4.1234;34;25;9;False;Ampace JP50P1 (CCC logo) 21700 CC Tests - Jan2026.jpeg
Ampace JP50P1 · no CCC logo;2026-01-06;10;16.318;15.208;4.2185;40;25;15;False;Ampace JP50P1 (CCC logo) 21700 CC Tests - Jan2026.jpeg
Ampace JP50P1 · no CCC logo;2026-01-06;20;16.008;14.772;4.1614;50;25;25;False;Ampace JP50P1 (CCC logo) 21700 CC Tests - Jan2026.jpeg
Ampace JP50P1 · no CCC logo;2026-01-06;30;15.453;14.125;4.0318;61;25;36;False;Ampace JP50P1 (CCC logo) 21700 CC Tests - Jan2026.jpeg
Ampace JP50P1 · no CCC logo;2026-01-06;40;14.992;13.555;3.9202;69;25;44;False;Ampace JP50P1 (CCC logo) 21700 CC Tests - Jan2026.jpeg
Ampace JP50P1 · no CCC logo;2026-01-06;50;14.792;13.328;3.888;76;25;51;False;Ampace JP50P1 (CCC logo) 21700 CC Tests - Jan2026.jpeg
Ampace JP50P1 · no CCC logo;2026-01-06;60;;12.903;3.8034;81;25;56;True;Ampace JP50P1 (CCC logo) 21700 CC Tests - Jan2026.jpeg
Amprius INR21700/50Q · identity unconfirmed;2026-02-27;5;16.55;15.654;4.3766;34;25;9;False;Amprius INR21700-50Q 21700 CC Tests - Feb 2026.jpeg
Amprius INR21700/50Q · identity unconfirmed;2026-02-27;10;;;;42;25;17;False;Amprius INR21700-50Q 21700 CC Tests - Feb 2026.jpeg
Amprius INR21700/50Q · identity unconfirmed;2026-02-27;20;16.31;15.089;4.3019;51;25;26;False;Amprius INR21700-50Q 21700 CC Tests - Feb 2026.jpeg
Amprius INR21700/50Q · identity unconfirmed;2026-02-27;30;15.607;14.16;4.0989;62;25;37;False;Amprius INR21700-50Q 21700 CC Tests - Feb 2026.jpeg
Amprius INR21700/50Q · identity unconfirmed;2026-02-27;40;15.329;13.686;4.0035;73;25;48;False;Amprius INR21700-50Q 21700 CC Tests - Feb 2026.jpeg
Amprius INR21700/50Q · identity unconfirmed;2026-02-27;50;14.719;12.859;3.8078;80;25;55;False;Amprius INR21700-50Q 21700 CC Tests - Feb 2026.jpeg
Amprius SA112 · no CCC logo;2026-01-21;1;21.683;19.666;5.4932;26;25;1;False;Amprius SA112 - CC Tests - Jan 2026.jpeg
Amprius SA112 · no CCC logo;2026-01-21;5;18.911;16.473;4.731;38;25;13;False;Amprius SA112 - CC Tests - Jan 2026.jpeg
Amprius SA112 · no CCC logo;2026-01-21;10;18.247;15.562;4.5249;53;25;28;False;Amprius SA112 - CC Tests - Jan 2026.jpeg
Amprius SA112 · no CCC logo;2026-01-21;15;15.623;12.894;3.8326;73;25;48;False;Amprius SA112 - CC Tests - Jan 2026.jpeg
BAK 50D2;2026-05-03;1;17.384;16.559;4.5121;;25;;False;BAK 50D2 21700 CC Tests - Apr 2026.jpeg
BAK 50D2;2026-05-03;5;16.597;15.652;4.3218;32;25;7;False;BAK 50D2 21700 CC Tests - Apr 2026.jpeg
BAK 50D2;2026-05-03;10;16.679;15.733;4.3542;38;25;13;False;BAK 50D2 21700 CC Tests - Apr 2026.jpeg
BAK 50D2;2026-05-03;20;16.448;15.334;4.3106;50;25;25;False;BAK 50D2 21700 CC Tests - Apr 2026.jpeg
BAK 50D2;2026-05-03;30;16.139;14.936;4.2469;61;25;36;False;BAK 50D2 21700 CC Tests - Apr 2026.jpeg
BAK 50D2;2026-05-03;40;15.819;14.54;4.1788;71;25;46;False;BAK 50D2 21700 CC Tests - Apr 2026.jpeg
BAK 50D2;2026-05-03;60;;;;81.3;25;56.3;True;BAK 50D2 21700 CC Tests - Apr 2026.jpeg
BAK 65E · gray legend 25 A / curve label 30 A;2026-03-24;1;21.856;20.623;5.666;;25;;False;BAK 65E 21700 CC Tests - Mar 2026.jpeg
BAK 65E · gray legend 25 A / curve label 30 A;2026-03-24;5;20.538;18.812;5.2788;36;25;11;False;BAK 65E 21700 CC Tests - Mar 2026.jpeg
BAK 65E · gray legend 25 A / curve label 30 A;2026-03-24;10;20.304;18.528;5.2488;46;25;21;False;BAK 65E 21700 CC Tests - Mar 2026.jpeg
BAK 65E · gray legend 25 A / curve label 30 A;2026-03-24;20;19.381;17.379;5.0679;67;25;42;False;BAK 65E 21700 CC Tests - Mar 2026.jpeg
EVE 50PL · April 2025;2025-04-10;5;15.877;14.899;4.1106;30;25;5;False;EVE 50PL - 125A 5000mAh 21700 - April 2025.jpeg
EVE 50PL · April 2025;2025-04-10;10;15.893;14.918;4.1348;36;25;11;False;EVE 50PL - 125A 5000mAh 21700 - April 2025.jpeg
EVE 50PL · April 2025;2025-04-10;20;15.581;14.49;4.0857;47;25;22;False;EVE 50PL - 125A 5000mAh 21700 - April 2025.jpeg
EVE 50PL · April 2025;2025-04-10;30;15.068;13.888;3.9759;59;25;34;False;EVE 50PL - 125A 5000mAh 21700 - April 2025.jpeg
EVE 50PL · April 2025;2025-04-10;40;14.705;13.398;3.8855;69;25;44;False;EVE 50PL - 125A 5000mAh 21700 - April 2025.jpeg
EVE 50PL · April 2025;2025-04-10;50;14.301;12.912;3.7923;77;25;52;False;EVE 50PL - 125A 5000mAh 21700 - April 2025.jpeg
EVE 50PL · April 2025;2025-04-10;60;;;;80.7;25;55.7;True;EVE 50PL - 125A 5000mAh 21700 - April 2025.jpeg
Great Power 50Q;2026-05-07;1;17.459;16.683;4.5944;;25;;False;Great Power 50Q 21700 - CC Tests - May 2026.jpeg
Great Power 50Q;2026-05-07;5;16.729;15.822;4.4287;32;25;7;False;Great Power 50Q 21700 - CC Tests - May 2026.jpeg
Great Power 50Q;2026-05-07;10;16.84;15.941;4.4778;39;25;14;False;Great Power 50Q 21700 - CC Tests - May 2026.jpeg
Great Power 50Q;2026-05-07;20;16.555;15.439;4.3937;51;25;26;False;Great Power 50Q 21700 - CC Tests - May 2026.jpeg
Great Power 50Q;2026-05-07;30;16.133;14.863;4.2711;62;25;37;False;Great Power 50Q 21700 - CC Tests - May 2026.jpeg
Great Power 50Q;2026-05-07;40;15.895;14.472;4.1999;72;25;47;False;Great Power 50Q 21700 - CC Tests - May 2026.jpeg
Great Power 50Q;2026-05-07;50;15.865;14.195;4.1542;80.9;25;55.900000000000006;False;Great Power 50Q 21700 - CC Tests - May 2026.jpeg
Great Power 60Q · CCC;2026-08-22;1;19.522;17.887;4.959;;25;;False;Great Power 60Q - CC Tests - Aug 2026.jpeg
Great Power 60Q · CCC;2026-08-22;5;18.462;16.68;4.6838;35;25;10;False;Great Power 60Q - CC Tests - Aug 2026.jpeg
Great Power 60Q · CCC;2026-08-22;10;18.608;16.928;4.7545;42;25;17;False;Great Power 60Q - CC Tests - Aug 2026.jpeg
Great Power 60Q · CCC;2026-08-22;20;18.503;16.621;4.7217;53;25;28;False;Great Power 60Q - CC Tests - Aug 2026.jpeg
Great Power 60Q · CCC;2026-08-22;30;17.915;15.959;4.5791;63;25;38;False;Great Power 60Q - CC Tests - Aug 2026.jpeg
Great Power 60Q · CCC;2026-08-22;40;17.56;15.692;4.5451;73;25;48;False;Great Power 60Q - CC Tests - Aug 2026.jpeg
Great Power 60Q · CCC;2026-08-22;60;;;;75.8;25;50.8;True;Great Power 60Q - CC Tests - Aug 2026.jpeg
LG H51T (not H51);2025-10-18;5;16.572;15.596;4.3494;38;25;13;False;LG H51T 21700 CC tests - Oct 2025.jpeg
LG H51T (not H51);2025-10-18;10;16.148;14.976;4.2347;45;25;20;False;LG H51T 21700 CC tests - Oct 2025.jpeg
LG H51T (not H51);2025-10-18;15;14.875;13.505;3.8875;61;25;36;False;LG H51T 21700 CC tests - Oct 2025.jpeg
LG H51T (not H51);2025-10-18;20;14.586;13.08;3.8125;71;25;46;False;LG H51T 21700 CC tests - Oct 2025.jpeg
LG M50LT;2022-12-22;5;16.309;16.033;4.5164;36;25;11;False;LG M50LT 21700 CC Tests - Dec 2022.jpeg
LG M50LT;2022-12-22;10;16.106;15.539;4.4856;51;25;26;False;LG M50LT 21700 CC Tests - Dec 2022.jpeg
LG M50LT;2022-12-22;15;14.915;13.726;4.0726;67;25;42;False;LG M50LT 21700 CC Tests - Dec 2022.jpeg
Linkdata 50T (not 50P);2026-08-17;1;17.196;16.221;4.3949;;25;;False;Linkdata 50T 21700 - CC tests - Aug 2026.jpeg
Linkdata 50T (not 50P);2026-08-17;5;16.512;15.468;4.2365;36;25;11;False;Linkdata 50T 21700 - CC tests - Aug 2026.jpeg
Linkdata 50T (not 50P);2026-08-17;10;16.613;15.628;4.2801;40;25;15;False;Linkdata 50T 21700 - CC tests - Aug 2026.jpeg
Linkdata 50T (not 50P);2026-08-17;20;16.393;15.305;4.2444;49;25;24;False;Linkdata 50T 21700 - CC tests - Aug 2026.jpeg
Linkdata 50T (not 50P);2026-08-17;30;15.941;14.819;4.1545;58;25;33;False;Linkdata 50T 21700 - CC tests - Aug 2026.jpeg
Linkdata 50T (not 50P);2026-08-17;40;15.667;14.477;4.0976;67;25;42;False;Linkdata 50T 21700 - CC tests - Aug 2026.jpeg
Linkdata 50T (not 50P);2026-08-17;50;15.268;14.035;4.0171;74;25;49;False;Linkdata 50T 21700 - CC tests - Aug 2026.jpeg
Linkdata 50T (not 50P);2026-08-17;60;;;;81.2;25;56.2;True;Linkdata 50T 21700 - CC tests - Aug 2026.jpeg
Linkdata 55P;2026-08-02;1;18.484;17.273;4.7159;;25;;False;Linkdata 55P 21700 CC tests - Aug 2026.jpeg
Linkdata 55P;2026-08-02;5;;16.586;4.5835;37;25;12;False;Linkdata 55P 21700 CC tests - Aug 2026.jpeg
Linkdata 55P;2026-08-02;10;17.781;16.461;4.5652;42;25;17;False;Linkdata 55P 21700 CC tests - Aug 2026.jpeg
Linkdata 55P;2026-08-02;20;17.522;16.13;4.5304;54;25;29;False;Linkdata 55P 21700 CC tests - Aug 2026.jpeg
Linkdata 55P;2026-08-02;30;16.95;15.458;4.4138;67;25;42;False;Linkdata 55P 21700 CC tests - Aug 2026.jpeg
Linkdata 55P;2026-08-02;40;16.454;14.845;4.2819;77;25;52;False;Linkdata 55P 21700 CC tests - Aug 2026.jpeg
Linkdata 55P;2026-08-02;50;16.779;15.517;4.5706;80.5;25;55.5;False;Linkdata 55P 21700 CC tests - Aug 2026.jpeg
Linkdata 60P;2026-05-03;1;19.895;18.51;5.0775;;25;;False;Linkdata 60P CC Tests - May 2026.jpeg
Linkdata 60P;2026-05-03;5;18.917;17.409;4.8566;32;25;7;False;Linkdata 60P CC Tests - May 2026.jpeg
Linkdata 60P;2026-05-03;10;18.684;17.127;4.7954;42;25;17;False;Linkdata 60P CC Tests - May 2026.jpeg
Linkdata 60P;2026-05-03;20;18.045;16.284;4.6463;59;25;34;False;Linkdata 60P CC Tests - May 2026.jpeg
Linkdata 60P;2026-05-03;30;16.978;15.073;4.3683;76;25;51;False;Linkdata 60P CC Tests - May 2026.jpeg
Linkdata 60P;2026-05-03;60;;;;81.6;25;56.599999999999994;True;Linkdata 60P CC Tests - May 2026.jpeg
Linkdata 65P;2026-06-11;1;21.535;19.528;5.3873;;25;;False;Linkdata 65P 21700 CC Tests - June 2026.jpeg
Linkdata 65P;2026-06-11;5;20.411;18.322;5.1207;36;25;11;False;Linkdata 65P 21700 CC Tests - June 2026.jpeg
Linkdata 65P;2026-06-11;10;20.626;18.504;5.1893;44;25;19;False;Linkdata 65P 21700 CC Tests - June 2026.jpeg
Linkdata 65P;2026-06-11;20;20.163;17.911;5.0991;58;25;33;False;Linkdata 65P 21700 CC Tests - June 2026.jpeg
Linkdata 65P;2026-06-11;30;19.69;16.843;4.8678;71;25;46;False;Linkdata 65P 21700 CC Tests - June 2026.jpeg
Linkdata 65P;2026-06-11;40;;16.17;4.7167;80.2;25;55.2;True;Linkdata 65P 21700 CC Tests - June 2026.jpeg
Linkdata 65P;2026-06-11;50;;;;80.6;25;55.599999999999994;True;Linkdata 65P 21700 CC Tests - June 2026.jpeg
Molicel M50A · production;2020-09-19;5;15.827;14.889;4.2506;39;25;14;False;Molicel M50A – 15A 4800-5000mAh 21700.jpeg
Molicel M50A · production;2020-09-19;10;15.168;14.007;4.0926;58;25;33;False;Molicel M50A – 15A 4800-5000mAh 21700.jpeg
Molicel M50A · production;2020-09-19;15;14.012;12.523;3.7582;70;25;45;False;Molicel M50A – 15A 4800-5000mAh 21700.jpeg
Molicel P50B · engineering sample;2024-02-18;5;;;;32;25;7;False;Molicel P50B - 60A 5000mAh 21700.jpeg
Molicel P50B · engineering sample;2024-02-18;10;15.595;14.62;4.0963;39;25;14;False;Molicel P50B - 60A 5000mAh 21700.jpeg
Molicel P50B · engineering sample;2024-02-18;20;15.035;13.904;3.9914;55;25;30;False;Molicel P50B - 60A 5000mAh 21700.jpeg
Molicel P50B · engineering sample;2024-02-18;30;13.97;12.666;3.7055;70;25;45;False;Molicel P50B - 60A 5000mAh 21700.jpeg
Molicel P50B · engineering sample;2024-02-18;40;;11.914;3.5542;80;25;55;True;Molicel P50B - 60A 5000mAh 21700.jpeg
Molicel P50B · engineering sample;2024-02-18;50;;;;80;25;55;True;Molicel P50B - 60A 5000mAh 21700.jpeg
Molicel P50B · engineering sample;2024-02-18;60;;;;80;25;55;True;Molicel P50B - 60A 5000mAh 21700.jpeg
Molicel P50B · production;2025-01-04;5;15.979;15.007;4.1682;32;25;7;False;Molicel P50B Production Cell CC Tests - Jan 2025.jpeg
Molicel P50B · production;2025-01-04;10;15.753;14.757;4.1269;39;25;14;False;Molicel P50B Production Cell CC Tests - Jan 2025.jpeg
Molicel P50B · production;2025-01-04;20;15.198;14.039;4.016;54;25;29;False;Molicel P50B Production Cell CC Tests - Jan 2025.jpeg
Molicel P50B · production;2025-01-04;30;14.231;12.932;3.7811;69;25;44;False;Molicel P50B Production Cell CC Tests - Jan 2025.jpeg
Molicel P50B · production;2025-01-04;40;;12.092;3.6041;80;25;55;True;Molicel P50B Production Cell CC Tests - Jan 2025.jpeg
Molicel P50B · production;2025-01-04;50;;;;80;25;55;True;Molicel P50B Production Cell CC Tests - Jan 2025.jpeg
Molicel P50B · production;2025-01-04;60;;;;80;25;55;True;Molicel P50B Production Cell CC Tests - Jan 2025.jpeg
Reliance RH60;2026-05-01;1;19.837;18.712;5.1007;;25;;False;Reliance RH60 21700 - CC Tests - May 2026.jpeg
Reliance RH60;2026-05-01;5;18.51;17.141;4.7935;35;25;10;False;Reliance RH60 21700 - CC Tests - May 2026.jpeg
Reliance RH60;2026-05-01;10;18.544;17.096;4.822;46;25;21;False;Reliance RH60 21700 - CC Tests - May 2026.jpeg
Reliance RH60;2026-05-01;15;17.657;16.156;4.6302;57;25;32;False;Reliance RH60 21700 - CC Tests - May 2026.jpeg
Reliance RH60;2026-05-01;20;17.971;16.328;4.7317;67;25;42;False;Reliance RH60 21700 - CC Tests - May 2026.jpeg
Reliance RH60;2026-05-01;30;;;;80.2;25;55.2;True;Reliance RH60 21700 - CC Tests - May 2026.jpeg
Reliance RS50 · small spiral CCC retest;2026-05-05;1;17.343;16.44;4.4759;;25;;False;Reliance RS50 21700 CCC Logo - CC RETESTS - May 2026.jpeg
Reliance RS50 · small spiral CCC retest;2026-05-05;5;16.61;15.579;4.3015;34;25;9;False;Reliance RS50 21700 CCC Logo - CC RETESTS - May 2026.jpeg
Reliance RS50 · small spiral CCC retest;2026-05-05;10;16.736;15.719;4.3526;41;25;16;False;Reliance RS50 21700 CCC Logo - CC RETESTS - May 2026.jpeg
Reliance RS50 · small spiral CCC retest;2026-05-05;20;16.547;15.399;4.3262;53;25;28;False;Reliance RS50 21700 CCC Logo - CC RETESTS - May 2026.jpeg
Reliance RS50 · small spiral CCC retest;2026-05-05;30;15.982;14.802;4.2131;65;25;40;False;Reliance RS50 21700 CCC Logo - CC RETESTS - May 2026.jpeg
Reliance RS50 · small spiral CCC retest;2026-05-05;40;15.751;14.457;4.1647;74;25;49;False;Reliance RS50 21700 CCC Logo - CC RETESTS - May 2026.jpeg
Reliance RS50 · small spiral CCC retest;2026-05-05;70;;;;81;25;56;True;Reliance RS50 21700 CCC Logo - CC RETESTS - May 2026.jpeg
Reliance RS60;2026-05-19;1;20.123;19.18;5.2412;;25;;False;Reliance RS60 CC Tests - May 2026.jpeg
Reliance RS60;2026-05-19;5;;;;38;25;13;False;Reliance RS60 CC Tests - May 2026.jpeg
Reliance RS60;2026-05-19;10;19.235;17.887;4.991;46;25;21;False;Reliance RS60 CC Tests - May 2026.jpeg
Reliance RS60;2026-05-19;20;18.804;17.281;4.907;59;25;34;False;Reliance RS60 CC Tests - May 2026.jpeg
Reliance RS60;2026-05-19;30;18.017;16.417;4.7252;73;25;48;False;Reliance RS60 CC Tests - May 2026.jpeg
Reliance RS60;2026-05-19;40;;;;80.2;25;55.2;True;Reliance RS60 CC Tests - May 2026.jpeg
Reliance RS60;2026-05-19;50;;;;80.4;25;55.400000000000006;True;Reliance RS60 CC Tests - May 2026.jpeg
Tenpower 50XG;2025-10-12;5;16.072;15.029;4.1635;31;25;6;False;Tenpower 50XG 21700 - CC Tests - Oct 2025.jpeg
Tenpower 50XG;2025-10-12;10;15.928;14.769;4.1188;41;25;16;False;Tenpower 50XG 21700 - CC Tests - Oct 2025.jpeg
Tenpower 50XG;2025-10-12;20;;14.979;4.2233;48;25;23;False;Tenpower 50XG 21700 - CC Tests - Oct 2025.jpeg
Tenpower 50XG;2025-10-12;30;15.457;14.17;4.0514;58;25;33;False;Tenpower 50XG 21700 - CC Tests - Oct 2025.jpeg
Tenpower 50XG;2025-10-12;40;15.176;13.783;3.997;66;25;41;False;Tenpower 50XG 21700 - CC Tests - Oct 2025.jpeg
Tenpower 50XG;2025-10-12;90;;;;78.6;25;53.599999999999994;True;Tenpower 50XG 21700 - CC Tests - Oct 2025.jpeg
Tenpower 60XG;2026-06-25;1;20.14;18.741;5.1694;;25;;False;Tenpower 60XG - CC Tests - June 2026.jpeg
Tenpower 60XG;2026-06-25;5;19.277;17.424;4.8613;37;25;12;False;Tenpower 60XG - CC Tests - June 2026.jpeg
Tenpower 60XG;2026-06-25;10;19.304;17.593;4.9187;43;25;18;False;Tenpower 60XG - CC Tests - June 2026.jpeg
Tenpower 60XG;2026-06-25;20;19.131;17.268;4.8909;56;25;31;False;Tenpower 60XG - CC Tests - June 2026.jpeg
Tenpower 60XG;2026-06-25;30;18.379;16.447;4.7113;68;25;43;False;Tenpower 60XG - CC Tests - June 2026.jpeg
Tenpower 60XG;2026-06-25;40;18.016;16.003;4.6331;78;25;53;False;Tenpower 60XG - CC Tests - June 2026.jpeg
Tenpower 60XG;2026-06-25;50;;;;80.4;25;55.400000000000006;True;Tenpower 60XG - CC Tests - June 2026.jpeg
Tenpower 60XG;2026-06-25;60;;;;80.7;25;55.7;True;Tenpower 60XG - CC Tests - June 2026.jpeg
Vapcell G50 · 2020 (not T60/Q65);2020-04-17;5;16.13;15.508;4.3932;37;25;12;False;Vapcell G50 – 15A 5000mAh 21700.jpeg
Vapcell G50 · 2020 (not T60/Q65);2020-04-17;10;15.79;14.906;4.3161;52;25;27;False;Vapcell G50 – 15A 5000mAh 21700.jpeg
Vapcell G50 · 2020 (not T60/Q65);2020-04-17;15;14.848;13.663;4.051;69;25;44;False;Vapcell G50 – 15A 5000mAh 21700.jpeg
Vapcell G50 · 2020 (not T60/Q65);2020-04-17;20;14.726;13.04;3.9479;82;25;57;False;Vapcell G50 – 15A 5000mAh 21700.jpeg
