model;rated_mAh;tested_mAh;rated_CDR_A;rated_TL_A;estimated_CDR_A;estimated_TL_A;DCIR_mOhm;E5_Wh;E10_Wh;E15_Wh;E20_Wh;E30_Wh;E40_Wh;E50_Wh;test_date_raw;note;test_date;source;source_kind;cutoff_energy_V;capacity_basis;url;article_status
Ampace JP50P1;5000.0;5000.0;40.0;60.0;40.0;60.0;5.7;16.0;16.3;;16.0;15.4;14.9;;1/5/26;;2026-01-05;IMG_3205(1).jpeg, Battery Mooch, 2026-09-27;Фото;2.8;rated_mAh;https://www.e-cigarette-forum.com/threads/bench-test-results-ampace-jp50p1-no-ccc-logo-40a-60a-5000mah-21700.993063/;Текст статьи прочитан
Amprius INR21700/50Q (5000Q?);5000.0;5000.0;50.0;125.0;40.0;100.0;6.8;16.6;16.5;;16.3;15.6;15.3;;2/27/26;Название 5000Q в фото под вопросом;2026-02-27;IMG_3205(1).jpeg, Battery Mooch, 2026-09-27;Фото;2.8;rated_mAh;https://www.e-cigarette-forum.com/threads/bench-test-results-amprius-inr21700-50q-no-ccc-50a-5000mah-21700-is-it-5000q.993503/;Текст статьи прочитан
BAK 45D;4500.0;4500.0;60.0;;30.0;60.0;6.0;15.0;15.0;;14.7;14.1;;;11/24/24;;2024-11-24;IMG_3205(1).jpeg, Battery Mooch, 2026-09-27;Фото;2.8;rated_mAh;;Ссылка на точную версию не установлена
BAK 50D2;4950.0;4950.0;60.0;;40.0;60.0;5.3;16.6;16.7;;16.5;16.1;15.8;;5/3/26;;2026-05-03;IMG_3205(1).jpeg, Battery Mooch, 2026-09-27;Фото;2.8;rated_mAh;https://www.e-cigarette-forum.com/threads/bench-test-results-bak-50d2-60a-4950mah-full-tab-21700.994042/;Текст статьи прочитан
BAK 65E;6500.0;6500.0;25.4;;20.0;25.4;10.8;20.4;20.2;;19.3;;;;3/24/26;;2026-03-24;IMG_3205(1).jpeg, Battery Mooch, 2026-09-27;Фото;2.8;rated_mAh;https://www.e-cigarette-forum.com/threads/bench-test-results-bak-65e-25-4a-6500mah-21700.993668/;Текст статьи прочитан
EVE 50PL (CCC logo);5000.0;5000.0;50.0;;40.0;50.0;7.6;15.7;16.1;;15.9;15.1;14.9;;12/26/25;;2025-12-26;IMG_3205(1).jpeg, Battery Mooch, 2026-09-27;Фото;2.8;rated_mAh;https://www.e-cigarette-forum.com/threads/bench-test-results-eve-50pl-50a-5000mah-21700-with-ccc-logo-and-ce-mark.992920/;Текст статьи прочитан
Great Power (GPHN) 50Q;5000.0;5000.0;50.0;125.0;40.0;100.0;6.1;16.7;16.8;;16.5;16.1;15.9;;5/7/26;;2026-05-07;IMG_3205(1).jpeg, Battery Mooch, 2026-09-27;Фото;2.8;rated_mAh;https://www.e-cigarette-forum.com/threads/bench-test-results-great-power-50q-50a-5000mah-21700.994348/;Текст статьи прочитан
Great Power (GPHN) 60Q (CCC logo);6000.0;6000.0;60.0;110.0;35.0;100.0;5.1;18.5;18.7;;18.5;17.9;;;8/22/26;;2026-08-22;IMG_3205(1).jpeg, Battery Mooch, 2026-09-27;Фото;2.8;rated_mAh;;Ссылка на точную версию не установлена
LG H51T;5000.0;5000.0;20.0;;20.0;;18.4;16.3;16.1;14.5;14.3;;;;10/18/25;Не объединять с LG H51;2025-10-18;IMG_3205(1).jpeg, Battery Mooch, 2026-09-27;Фото;2.8;rated_mAh;https://www.e-cigarette-forum.com/threads/bench-test-results-lg-h51t-20a-5000mah-21700-pre-production.992064/;Текст статьи прочитан
Linkdata 50T;5000.0;5000.0;60.0;;50.0;60.0;4.5;16.5;16.6;;15.9;15.9;15.6;15.3;8/17/26;;2026-08-17;IMG_3205(1).jpeg, Battery Mooch, 2026-09-27;Фото;2.8;rated_mAh;;Ссылка на точную версию не установлена
Linkdata 55P;5500.0;5500.0;40.0;50.0;40.0;50.0;4.9;17.8;17.7;;17.4;16.9;16.4;;8/1/26;;2026-08-01;IMG_3205(1).jpeg, Battery Mooch, 2026-09-27;Фото;2.8;rated_mAh;https://www.e-cigarette-forum.com/threads/bench-test-results-linkdata-55p-40a-50a-5500mah-21700.995029/;Текст статьи прочитан
Linkdata 60P;6000.0;6000.0;60.0;;30.0;60.0;7.6;18.9;18.7;;18.0;16.9;;;5/3/26;;2026-05-03;IMG_3205(1).jpeg, Battery Mooch, 2026-09-27;Фото;2.8;rated_mAh;https://www.e-cigarette-forum.com/threads/bench-test-results-linkdata-60p-60a-6000mah-21700.994389/;Текст статьи прочитан
Linkdata 65P;6500.0;6500.0;52.0;;25.0;52.0;6.3;20.5;20.3;;20.0;;;;6/11/26;;2026-06-11;IMG_3205(1).jpeg, Battery Mooch, 2026-09-27;Фото;2.8;rated_mAh;https://www.e-cigarette-forum.com/threads/bench-test-results-linkdata-65p-52a-6500mah-21700.994761/;Текст статьи прочитан
Molicel P45B (2024-dated);4500.0;4450.0;;45.0;35.0;45.0;9.7;14.8;14.7;;14.2;13.4;;;12/27/24;Rated 45 A при температуре ниже 80 °C;2024-12-27;IMG_3205(1).jpeg, Battery Mooch, 2026-09-27;Фото;2.8;rated_mAh;;Ссылка на точную версию не установлена
Molicel P50B (2024-dated);5000.0;5000.0;60.0;;35.0;60.0;8.2;16.0;15.7;;15.2;14.2;;;1/4/25;;2025-01-04;IMG_3205(1).jpeg, Battery Mooch, 2026-09-27;Фото;2.8;rated_mAh;https://www.e-cigarette-forum.com/threads/bench-test-results-molicel-p50b-60a-5000mah-21700.988690/;"Только заголовок; текст не извлечён"
Reliance RH60 (regular top contact, small spiral);5850.0;5850.0;20.0;;20.0;;9.3;18.5;18.6;17.6;18.0;;;;5/1/26;;2026-05-01;IMG_3205(1).jpeg, Battery Mooch, 2026-09-27;Фото;2.8;rated_mAh;https://www.e-cigarette-forum.com/threads/bench-test-results-reliance-rh60-20a-5850mah-21700.993997/;Текст статьи прочитан
Reliance RS50 (CCC logo, batch G3E);4950.0;4950.0;;70.0;40.0;70.0;6.5;16.6;16.7;;16.5;16.0;15.7;;5/5/26;DCIR 6.5 на фото расходится с 5.52/5.56 в статье;2026-05-05;IMG_3205(1).jpeg, Battery Mooch, 2026-09-27;Фото;2.8;rated_mAh;https://www.e-cigarette-forum.com/threads/bench-retest-results-reliance-rs50-70a-4950mah-full-tab-21700.994194/;Текст статьи прочитан
Reliance RS60 (direct from Reliance);5850.0;5850.0;50.0;;30.0;50.0;6.2;19.2;19.3;;18.8;18.7;;;5/19/26;;2026-05-19;IMG_3205(1).jpeg, Battery Mooch, 2026-09-27;Фото;2.8;rated_mAh;https://www.e-cigarette-forum.com/threads/bench-test-results-reliance-rs60-50a-5850mah-21700.994495/;Текст статьи прочитан
Samsung 45T (CC4503F101 Ver C);4500.0;4500.0;35.0;50.0;30.0;50.0;10.4;15.0;14.8;;14.3;13.1;;;2/24/25;Rated 35/50 A в фото помечен RUMORED;2025-02-24;IMG_3205(1).jpeg, Battery Mooch, 2026-09-27;Фото;2.8;rated_mAh;;Ссылка на точную версию не установлена
Samsung 50S2;5000.0;5000.0;25.0;45.0;25.0;45.0;13.4;16.8;16.4;15.4;15.2;;;;1/28/25;Не объединять с прежним 50S;2025-01-28;IMG_3205(1).jpeg, Battery Mooch, 2026-09-27;Фото;2.8;rated_mAh;https://www.e-cigarette-forum.com/threads/bench-test-results-samsung-50s2-25a-45a-5000mah-21700.988832/;Текст статьи прочитан
Tenpower 50SG;5000.0;5000.0;20.0;50.0;20.0;40.0;11.3;16.0;15.8;14.8;14.7;;;;7/21/26;;2026-07-21;IMG_3205(1).jpeg, Battery Mooch, 2026-09-27;Фото;2.8;rated_mAh;https://www.e-cigarette-forum.com/threads/bench-test-results-tenpower-50sg-20a-50a-5000mah-21700.995125/;Текст статьи прочитан
Tenpower 50XG;5000.0;5000.0;40.0;90.0;40.0;90.0;6.9;16.1;15.9;;16.1;15.4;15.2;;10/12/25;В статье образцы без CCC, возможная предсерия;2025-10-12;IMG_3205(1).jpeg, Battery Mooch, 2026-09-27;Фото;2.8;rated_mAh;https://www.e-cigarette-forum.com/threads/bench-test-results-tenpower-50xg-40a-90a-5000mah-21700-pre-production.992040/;Текст статьи прочитан
Tenpower 60XG (pre-production);6000.0;6000.0;40.0;60.0;35.0;60.0;5.4;19.2;19.3;;19.1;18.4;;;6/25/26;;2026-06-25;IMG_3205(1).jpeg, Battery Mooch, 2026-09-27;Фото;2.8;rated_mAh;https://www.e-cigarette-forum.com/threads/bench-test-results-tenpower-60xg-40a-60a-6000mah-21700.994796/;Текст статьи прочитан
Tenpower 60XG (ZG13, mass production?);6000.0;6000.0;40.0;60.0;40.0;60.0;5.6;18.9;19.0;;18.8;18.2;17.9;;9/19/26;В исходной таблице массовое производство отмечено вопросом. Фото ZG13 не приравнено к предсерии июня.;2026-09-19;IMG_3205(1).jpeg, Battery Mooch, 2026-09-27;Фото;2.8;rated_mAh;;Ссылка на точную версию не установлена
