title;url;source_kind;accessed;rated_mAh;model;status;date;dc1_mOhm;dc2_mOhm;estimated_CDR_A;note;sample1_mAh;sample2_mAh;rated_TL_A
Bench Test Results: Linkdata 50T - 60A 5000mAh 21700;https://www.e-cigarette-forum.com/threads/bench-test-results-linkdata-50t-60a-5000mah-21700.995258/;Форум;2026-09-20;5000;Linkdata 50T;Текст статьи прочитан;2026-09-06;4.52;4.52;50;"Тест при 50 А до 2.5 В: около 77–78 °C; предел 80 °C. Паспортный ток 60 А вызывает около 85 °C. Паспортная масса 68.5±1.5 г. E-Scores в доступном тексте отсутствуют.";;;
Bench Test Results: Great Power 60Q - 60A/110A 6000mAh 21700;https://www.e-cigarette-forum.com/threads/bench-test-results-great-power-60q-60a-110a-6000mah-21700.995238/;Форум;2026-09-20;6000;Great Power 60Q;Текст статьи прочитан;2026-09-03;5.2;4.96;35;"CCC, июль 2026. При 40 А до 2.5 В около 77 °C против предела 75 °C; Mooch рекомендует ≤35 А. 110 А с отсечкой 80 °C — иной режим. E-Scores в доступном тексте отсутствуют.";6040;6018;110
Bench Test Results: Tenpower 50SG - 20A/50A 5000mAh 21700;https://www.e-cigarette-forum.com/threads/bench-test-results-tenpower-50sg-20a-50a-5000mah-21700.995125/;Форум;2026-09-20;5000;Tenpower 50SG;"Только заголовок; текст не извлечён";;;;;;;;
Bench Test Results: Linkdata 55P - 40A/50A 5500mAh 21700;https://www.e-cigarette-forum.com/threads/bench-test-results-linkdata-55p-40a-50a-5500mah-21700.995029/;Форум;2026-09-20;5500;Linkdata 55P;"Только заголовок; текст не извлечён";;;;;;;;
Bench Test Results: Tenpower 60XG - 40A/60A 6000mAh 21700;https://www.e-cigarette-forum.com/threads/bench-test-results-tenpower-60xg-40a-60a-6000mah-21700.994796/;Форум;2026-09-20;6000;Tenpower 60XG;"Только заголовок; текст не извлечён";;;;;;;;
Bench Test Results: Linkdata 65P - 52A 6500mAh 21700;https://www.e-cigarette-forum.com/threads/bench-test-results-linkdata-65p-52a-6500mah-21700.994761/;Форум;2026-09-20;6500;Linkdata 65P;"Только заголовок; текст не извлечён";;;;;;;;
Bench Test Results: Linkdata 60P - 60A 6000mAh 21700;https://www.e-cigarette-forum.com/threads/bench-test-results-linkdata-60p-60a-6000mah-21700.994389/;Форум;2026-09-20;6000;Linkdata 60P;"Только заголовок; текст не извлечён";;;;;;;;
Bench Test Results: Molicel P50B - 60A 5000mAh 21700;https://www.e-cigarette-forum.com/threads/bench-test-results-molicel-p50b-60a-5000mah-21700.986092/;Форум;2026-09-20;5000;Molicel P50B;"Только заголовок; текст не извлечён";;;;;;;;
Bench Test Results: Reliance RS60 - 50A 5850mAh 21700;https://www.e-cigarette-forum.com/threads/bench-test-results-reliance-rs60-50a-5850mah-21700.994495/;Форум;2026-09-20;5850;Reliance RS60;"Только заголовок; текст не извлечён";;;;;;;;
Bench Test Results: Great Power 50Q - 50A 5000mAh 21700;https://www.e-cigarette-forum.com/threads/bench-test-results-great-power-50q-50a-5000mah-21700.994348/;Форум;2026-09-20;5000;Great Power 50Q;"Только заголовок; текст не извлечён";;;;;;;;
Bench Retest Results: Reliance RS50 - 70A 4950mAh full-tab 21700;https://www.e-cigarette-forum.com/threads/bench-retest-results-reliance-rs50-70a-4950mah-full-tab-21700.994194/;Форум;2026-09-20;4950;Reliance RS50;"Только заголовок; текст не извлечён";;;;;;;;
Bench Test Results: BAK 50D2 - 60A 4950mAh full-tab 21700;https://www.e-cigarette-forum.com/threads/bench-test-results-bak-50d2-60a-4950mah-full-tab-21700.994042/;Форум;2026-09-20;4950;BAK 50D2;"Только заголовок; текст не извлечён";;;;;;;;
Bench Test Results: Reliance RH60 - 20A 5850mAh 21700;https://www.e-cigarette-forum.com/threads/bench-test-results-reliance-rh60-20a-5850mah-21700.993997/;Форум;2026-09-20;5850;Reliance RH60;"Только заголовок; текст не извлечён";;;;;;;;
Bench Test Results: FEB 21700G (68E) - 13A 6500mAh 21700;https://www.e-cigarette-forum.com/threads/bench-test-results-feb-21700g-68e-13a-6500mah-21700.993807/;Форум;2026-09-20;6500;FEB 21700G (68E);"Только заголовок; текст не извлечён";;;;;;;;
Bench Test Results: BAK 65E - 25.4A 6500mAh 21700;https://www.e-cigarette-forum.com/threads/bench-test-results-bak-65e-25-4a-6500mah-21700.993668/;Форум;2026-09-20;6500;BAK 65E;"Только заголовок; текст не извлечён";;;;;;;;
Bench Test Results: Amprius INR21700/50Q (no CCC) - 50A 5000mAh 21700 - Is it 5000Q?;https://www.e-cigarette-forum.com/threads/bench-test-results-amprius-inr21700-50q-no-ccc-50a-5000mah-21700-is-it-5000q.993503/;Форум;2026-09-20;5000;Amprius INR21700/50Q (no CCC);"Только заголовок; текст не извлечён";;;;;;;;
Bench Test Results: EVE 50PL - 50A 5000mAh 21700 (with CCC logo and CE mark);https://www.e-cigarette-forum.com/threads/bench-test-results-eve-50pl-50a-5000mah-21700-with-ccc-logo-and-ce-mark.992920/;Форум;2026-09-20;5000;EVE 50PL;"Только заголовок; текст не извлечён";;;;;;;;
Bench Test Results: Amprius INR21700/65 (SA112) - no CCC logo - 13A 6500mAh 21700;https://www.e-cigarette-forum.com/threads/bench-test-results-amprius-inr21700-65-sa112-no-ccc-logo-13a-6500mah-21700.993201/;Форум;2026-09-20;6500;Amprius INR21700/65 (SA112);"Только заголовок; текст не извлечён";;;;;;;;
Bench Test Results: Ampace JP50P1 (no CCC logo) - 40A/60A 5000mAh 21700;https://www.e-cigarette-forum.com/threads/bench-test-results-ampace-jp50p1-no-ccc-logo-40a-60a-5000mah-21700.993063/;Форум;2026-09-20;5000;Ampace JP50P1 (no CCC logo);"Только заголовок; текст не извлечён";;;;;;;;
Bench Retest Results: BTCAP 42P - tabless 70Α 4200mAh 21700 pre-production samples;https://www.e-cigarette-forum.com/threads/bench-retest-results-btcap-42p-tabless-70%CE%91-4200mah-21700-pre-production-samples.992208/;Форум;2026-09-20;4200;BTCAP 42P;"Только заголовок; текст не извлечён";;;;;;;;
Bench Retest Results: EVE 50E (CCC logo) - 15A 5000mAh 21700;https://www.e-cigarette-forum.com/threads/bench-retest-results-eve-50e-ccc-logo-15a-5000mah-21700.992147/;Форум;2026-09-20;5000;EVE 50E (CCC logo);"Только заголовок; текст не извлечён";;;;;;;;
Bench Test Results: Reliance RS50 (CCC logo) - 70A 4950mAh 21700;https://www.e-cigarette-forum.com/threads/bench-test-results-reliance-rs50-ccc-logo-70a-4950mah-21700.992097/;Форум;2026-09-20;4950;Reliance RS50 (CCC, 2025);Текст статьи прочитан;2025-10-28;6.5;6.6;40;"DCIR — границы диапазона четырёх образцов; ёмкость двух образцов. 70 А ограничены 80 °C; 40 А — оценка непрерывного тока. Отдельная версия от G3E 2026.";5194;5195;70
Bench Test Results: LG H51T - 20A 5000mAh 21700 (pre-production?);https://www.e-cigarette-forum.com/threads/bench-test-results-lg-h51t-20a-5000mah-21700-pre-production.992064/;Форум;2026-09-20;5000;LG H51T;"Только заголовок; текст не извлечён";;;;;;;;
Bench Test Results: Tenpower 50XG - 40A/90A 5000mAh 21700 (pre-production?);https://www.e-cigarette-forum.com/threads/bench-test-results-tenpower-50xg-40a-90a-5000mah-21700-pre-production.992040/;Форум;2026-09-20;5000;Tenpower 50XG;Текст статьи прочитан;2025-10-24;7.1;6.7;40;"Возможная предсерия без CCC. 90 А ограничены 75 °C. Паспортные максимумы по статье: 71 г; Ø21.50×70.50 мм. Не заменять паспортное значение ёмкости результатами двух образцов.";5052;5083;90
Bench Test Results: Reliance RS50 - 70A 4950mAh 21700 pre-production samples;https://www.e-cigarette-forum.com/threads/bench-test-results-reliance-rs50-70a-4950mah-21700-pre-production-samples.991482/;Форум;2026-09-20;4950;Reliance RS50 (pre-production);Текст статьи прочитан;2025-08-24;5.0;5.3;40;"Предсерия. DCIR — диапазон четырёх образцов; ёмкость двух образцов. 70 А ограничены 80 °C. Не объединять с серийной CCC и G3E.";5169;5173;70
Bench Test Results: Samsung 55E (CC5493F101, Ver A) - 10.6A 5490MAh 21700;https://www.e-cigarette-forum.com/threads/bench-test-results-samsung-55e-cc5493f101-ver-a-10-6a-5490mah-21700.989309/;Форум;2026-09-20;5490;Samsung 55E (CC5493F101, Ver A);"Только заголовок; текст не извлечён";;;;;;;;
Bench Test Results: LG M58T - 12.5A 5570mAh 21700;https://www.e-cigarette-forum.com/threads/bench-test-results-lg-m58t-12-5a-5570mah-21700.990859/;Форум;2026-09-20;5570;LG M58T;"Только заголовок; текст не извлечён";;;;;;;;
Bench Test Results: Vapcell F63 - 12.5A 6250mAh 21700;https://www.e-cigarette-forum.com/threads/bench-test-results-vapcell-f63-12-5a-6250mah-21700.990700/;Форум;2026-09-20;6250;Vapcell F63;"Только заголовок; текст не извлечён";;;;;;;;
Bench Test Results: Vapcell S41 - 45A/70A 4100mAh 21700;https://www.e-cigarette-forum.com/threads/bench-test-results-vapcell-s41-45a-70a-4100mah-21700.990589/;Форум;2026-09-20;4100;Vapcell S41;"Только заголовок; текст не извлечён";;;;;;;;
Bench Test Results: Lishen LR2170SK - 16.95A 5800mAh 21700;https://www.e-cigarette-forum.com/threads/bench-test-results-lishen-lr2170sk-16-95a-5800mah-21700.990568/;Форум;2026-09-20;5800;Lishen LR2170SK;"Только заголовок; текст не извлечён";;;;;;;;
Bench Test Results: EVE 58E - 16.8A 5700mAh 21700;https://www.e-cigarette-forum.com/threads/bench-test-results-eve-58e-16-8a-5700mah-21700.990414/;Форум;2026-09-20;5700;EVE 58E;"Только заголовок; текст не извлечён";;;;;;;;
Bench Test Results: “EVE 50PL” (unconfirmed) - 50A/125A 5000mAh 21700;https://www.e-cigarette-forum.com/threads/bench-test-results-%E2%80%9Ceve-50pl%E2%80%9D-unconfirmed-50a-125a-5000mah-21700.990079/;Форум;2026-09-20;5000;“EVE 50PL” (unconfirmed);"Только заголовок; текст не извлечён";;;;;;;;
Bench Test Results: Samsung 45T (CC4503F101 Ver C) - 35A/50A 4500mAh 21700;https://www.e-cigarette-forum.com/threads/bench-test-results-samsung-45t-cc4503f101-ver-c-35a-50a-4500mah-21700.989513/;Форум;2026-09-20;4500;Samsung 45T (CC4503F101 Ver C);"Только заголовок; текст не извлечён";;;;;;;;
Bench Test Results: Samsung 50S2 - 25A/45A 5000mAh 21700;https://www.e-cigarette-forum.com/threads/bench-test-results-samsung-50s2-25a-45a-5000mah-21700.988832/;Форум;2026-09-20;5000;Samsung 50S2;"Только заголовок; текст не извлечён";;;;;;;;
Bench Test Results: Samsung 53G(1) - 10.6A 5300mAh 21700;https://www.e-cigarette-forum.com/threads/bench-test-results-samsung-53g-1-10-6a-5300mah-21700.987143/;Форум;2026-09-20;5300;Samsung 53G(1);"Только заголовок; текст не извлечён";;;;;;;;
Bench Test Results: Molicel P50B - 60A 5000mAh 21700;https://www.e-cigarette-forum.com/threads/bench-test-results-molicel-p50b-60a-5000mah-21700.988690/;Форум;2026-09-20;5000;Molicel P50B;"Только заголовок; текст не извлечён";;;;;;;;
Bench Test Results: Molicel P45B - 45A 4500mAh 21700 (2024 retest);https://www.e-cigarette-forum.com/threads/bench-test-results-molicel-p45b-45a-4500mah-21700-2024-retest.988596/;Форум;2026-09-20;4500;Molicel P45B;"Только заголовок; текст не извлечён";;;;;;;;
Bench Test Results: BAK 45D - 30A/60A 4500mAh 21700;https://www.e-cigarette-forum.com/threads/bench-test-results-bak-45d-30a-60a-4500mah-21700.988135/;Форум;2026-09-20;4500;BAK 45D;"Только заголовок; текст не извлечён";;;;;;;;
Bench Test Results: LG M50LT - 14.4A 4932mAh 21700;https://www.e-cigarette-forum.com/threads/bench-test-results-lg-m50lt-14-4a-4932mah-21700.979634/;Форум;2026-09-20;4932;LG M50LT;Текст статьи прочитан;2023-04-25;;;14.4;"14.4 А при окружающих 10–25 °C; 7.2 А при 25–55 °C. Для ресурса автор рекомендует ≤10 А даже при комнатной температуре. В таблице фото ёмкость округлена вниз до 4800 мА·ч.";4852;4878;
